code,mnemonic,width,result_stack,affected,source_pdf
00,NOP,32,A B C D,ALL,289
01,SQRT,32,R B C ?,SZE,295
02,SIN,32,R B ? ?,SZ,293
03,COS,32,R B ? ?,SZ,285
04,TAN,32,R B ? ?,SZE,295
05,ASIN,32,R ? ? ?,SZE,284
06,ACOS,32,R ? ? ?,SZE,284
07,ATAN,32,R B ? ?,SZ,284
08,LOG,32,R B ? ?,SZE,289
09,LN,32,R B ? ?,SZE,289
0a,EXP,32,R B ? ?,SZE,287
0b,PWR,32,R C ? ?,SZE,292
10,FADD,32,R C D ?,SZE,287
11,FSUB,32,R C D ?,SZE,289
12,FMUL,32,R C D ?,SZE,288
13,FDIV,32,R C D ?,SZE,287
15,CHSF,32,R B C D,SZ,285
17,PTOF,32,A A B C,SZ,291
18,POPF,32,B C D A,SZ,290
19,XCHF,32,B A C D,SZ,296
1a,PUPI,32,PI A B C,SZ,291
1c,FLTD,32,R B C ?,SZ,288
1d,FLTS,16,Rhi Rlo B C D E ? ?,SZ,288
1e,FIXD,32,R B C ?,SZE,287
1f,FIXS,32,R Bhi Blo Chi Clo ? ? ?,SZE,288
2c,DADD,32,R C D A,SZEC,285
2d,DSUB,32,R C D A,SZEC,286
2e,DMUL,32,R C D ?,SZE,286
2f,DDIV,32,R C D ?,SZE,286
34,CHSD,32,R B C D,SZE,284
36,DMUU,32,R C D ?,SZE,286
37,PTOD,32,A A B C,SZ,290
38,POPD,32,B C D A,SZ,290
39,XCHD,32,B A C D,SZ,295
6c,SADD,16,R C D E F G H A,SZEC,292
6d,SSUB,16,R C D E F G H A,SZEC,295
6e,SMUL,16,R C D E F G H ?,SZE,294
6f,SDIV,16,R C D E F G H ?,SZE,293
74,CHSS,16,R B C D E F G H,SZE,285
76,SMUU,16,R C D E F G H ?,SZE,294
77,PTOS,16,A A B C D E F G,SZ,291
78,POPS,16,B C D E F G H A,SZ,290
79,XCHS,16,B A C D E F G H,SZ,296
