name,fraction_bits,signed_integer
ONE,56,72057594037927936
PI,56,226375608064910089
HALF_PI,56,113187804032455044
TWO_PI,56,452751216129820178
GAIN,56,43757185469210202
LN2,56,49946518145322874
LOG10_E,56,31294215469896761
TWO_PI_WIDE,112,32624163332060752803334972325496545
ATAN_2_MINUS_0,56,56593902016227522
ATAN_2_MINUS_1,56,33409331186036030
ATAN_2_MINUS_2,56,17652573055549883
ATAN_2_MINUS_3,56,8960721713639278
ATAN_2_MINUS_4,56,4497749271019253
ATAN_2_MINUS_5,56,2251067235130761
ATAN_2_MINUS_6,56,1125808294293075
ATAN_2_MINUS_7,56,562938500594601
ATAN_2_MINUS_8,56,281473545067998
ATAN_2_MINUS_9,56,140737309398767
ATAN_2_MINUS_10,56,70368721808055
ATAN_2_MINUS_11,56,35184369292630
ATAN_2_MINUS_12,56,17592185694891
ATAN_2_MINUS_13,56,8796092978517
ATAN_2_MINUS_14,56,4398046505643
ATAN_2_MINUS_15,56,2199023254869
ATAN_2_MINUS_16,56,1099511627691
ATAN_2_MINUS_17,56,549755813877
ATAN_2_MINUS_18,56,274877906943
ATAN_2_MINUS_19,56,137438953472
ATAN_2_MINUS_20,56,68719476736
ATAN_2_MINUS_21,56,34359738368
ATAN_2_MINUS_22,56,17179869184
ATAN_2_MINUS_23,56,8589934592
ATAN_2_MINUS_24,56,4294967296
ATAN_2_MINUS_25,56,2147483648
ATAN_2_MINUS_26,56,1073741824
ATAN_2_MINUS_27,56,536870912
ATAN_2_MINUS_28,56,268435456
ATAN_2_MINUS_29,56,134217728
ATAN_2_MINUS_30,56,67108864
ATAN_2_MINUS_31,56,33554432
ATAN_2_MINUS_32,56,16777216
ATAN_2_MINUS_33,56,8388608
ATAN_2_MINUS_34,56,4194304
ATAN_2_MINUS_35,56,2097152
ATAN_2_MINUS_36,56,1048576
ATAN_2_MINUS_37,56,524288
ATAN_2_MINUS_38,56,262144
ATAN_2_MINUS_39,56,131072
ATAN_2_MINUS_40,56,65536
ATAN_2_MINUS_41,56,32768
ATAN_2_MINUS_42,56,16384
ATAN_2_MINUS_43,56,8192
ATAN_2_MINUS_44,56,4096
ATAN_2_MINUS_45,56,2048
ATAN_2_MINUS_46,56,1024
ATAN_2_MINUS_47,56,512
ATAN_2_MINUS_48,56,256
ATAN_2_MINUS_49,56,128
ATAN_2_MINUS_50,56,64
ATAN_2_MINUS_51,56,32
