code,s0,sn,q0,qn,load_mc
00,-,0,-,0,-
01,-,1,-,1,-
02,-,0,-,MN,S0
03,-,1,-,S0,-
04,-,MC,-,S0,-
05,-,MN,-,S0,-
06,-,0,-,S0,-
07,-,0,-,S0,Q0
08,-,S0,-,Q0,S0
09,-,MC,-,Q0,S0
0a,-,S0,-,Q0,-
0b,-,IC,-,S0,-
0c,-,MC,-,S0,Q0
0d,-,Q0,-,S0,Q0
0e,-,IN^IV,-,S0,-
0f,-,Q0,-,S0,-
10,0,-,0,-,SN
11,1,-,1,-,SN
12,0,-,0,-,-
13,1,-,1,-,-
14,QN,-,0,-,SN
15,QN,-,1,-,SN
16,QN,-,0,-,-
17,QN,-,1,-,-
18,SN,-,QN,-,SN
19,MC,-,QN,-,SN
1a,SN,-,QN,-,-
1b,MC,-,0,-,-
1c,QN,-,MC,-,SN
1d,QN,-,SN,-,SN
1e,QN,-,MC,-,-
1f,QN,-,SN,-,-
