code,uz,uc,un,uv,mz,mc,mn,mv,y,ct,carry
00,MZ,MC,MN,MV,YZ,YC,YN,YV,U,(UN^UV)|UZ,UC
01,1,1,1,1,1,1,1,1,U,~(UN^UV)&~UZ,UC
02,MZ,MC,MN,MV,UZ,UC,UN,UV,U,(UN^UV),UC
03,0,0,0,0,0,0,0,0,U,~(UN^UV),UC
04,IZ,IC,IN,IV,IZ,MV,IN,MC,U,UZ,UC
05,IZ,IC,IN,IV,~MZ,~MC,~MN,~MV,U,~UZ,UC
06,IZ,IC,IN,IV|UV,IZ,IC,IN,IV,U,UV,UC
07,IZ,IC,IN,IV|UV,IZ,IC,IN,IV,U,~UV,UC
08,0,UC,UN,UV,IZ,~IC,IN,IV,U,UC|UZ,~UC
09,1,UC,UN,UV,IZ,~IC,IN,IV,U,~UC&~UZ,~UC
0a,UZ,0,UN,UV,IZ,IC,IN,IV,U,UC,UC
0b,UZ,1,UN,UV,IZ,IC,IN,IV,U,~UC,UC
0c,UZ,UC,0,UV,IZ,IC,IN,IV,U,~UC|UZ,UC
0d,UZ,UC,1,UV,IZ,IC,IN,IV,U,UC&~UZ,UC
0e,UZ,UC,UN,0,IZ,IC,IN,IV,U,IN^MN,UC
0f,UZ,UC,UN,1,IZ,IC,IN,IV,U,~(IN^MN),UC
10,IZ,IC,IN,IV,IZ,IC,IN,IV,U,(UN^UV)|UZ,UC
11,IZ,IC,IN,IV,IZ,IC,IN,IV,U,~(UN^UV)&~UZ,UC
12,IZ,IC,IN,IV,IZ,IC,IN,IV,U,(UN^UV),UC
13,IZ,IC,IN,IV,IZ,IC,IN,IV,U,~(UN^UV),UC
14,IZ,IC,IN,IV,IZ,IC,IN,IV,U,UZ,UC
15,IZ,IC,IN,IV,IZ,IC,IN,IV,U,~UZ,UC
16,IZ,IC,IN,IV,IZ,IC,IN,IV,U,UV,UC
17,IZ,IC,IN,IV,IZ,IC,IN,IV,U,~UV,UC
18,IZ,~IC,IN,IV,IZ,~IC,IN,IV,U,~UC|UZ,~UC
19,IZ,~IC,IN,IV,IZ,~IC,IN,IV,U,UC&~UZ,~UC
1a,IZ,IC,IN,IV,IZ,IC,IN,IV,U,UC,UC
1b,IZ,IC,IN,IV,IZ,IC,IN,IV,U,~UC,UC
1c,IZ,IC,IN,IV,IZ,IC,IN,IV,U,~UC|UZ,UC
1d,IZ,IC,IN,IV,IZ,IC,IN,IV,U,UC&~UZ,UC
1e,IZ,IC,IN,IV,IZ,IC,IN,IV,U,UN,UC
1f,IZ,IC,IN,IV,IZ,IC,IN,IV,U,~UN,UC
20,IZ,IC,IN,IV,IZ,IC,IN,IV,M,(MN^MV)|MZ,MC
21,IZ,IC,IN,IV,IZ,IC,IN,IV,M,~(MN^MV)&~MZ,MC
22,IZ,IC,IN,IV,IZ,IC,IN,IV,M,(MN^MV),MC
23,IZ,IC,IN,IV,IZ,IC,IN,IV,M,~(MN^MV),MC
24,IZ,IC,IN,IV,IZ,IC,IN,IV,M,MZ,MC
25,IZ,IC,IN,IV,IZ,IC,IN,IV,M,~MZ,MC
26,IZ,IC,IN,IV,IZ,IC,IN,IV,M,MV,MC
27,IZ,IC,IN,IV,IZ,IC,IN,IV,M,~MV,MC
28,IZ,~IC,IN,IV,IZ,~IC,IN,IV,M,MC|MZ,~MC
29,IZ,~IC,IN,IV,IZ,~IC,IN,IV,M,~MC&~MZ,~MC
2a,IZ,IC,IN,IV,IZ,IC,IN,IV,M,MC,MC
2b,IZ,IC,IN,IV,IZ,IC,IN,IV,M,~MC,MC
2c,IZ,IC,IN,IV,IZ,IC,IN,IV,M,~MC|MZ,MC
2d,IZ,IC,IN,IV,IZ,IC,IN,IV,M,MC&~MZ,MC
2e,IZ,IC,IN,IV,IZ,IC,IN,IV,M,MN,MC
2f,IZ,IC,IN,IV,IZ,IC,IN,IV,M,~MN,MC
30,IZ,IC,IN,IV,IZ,IC,IN,IV,I,(IN^IV)|IZ,MC
31,IZ,IC,IN,IV,IZ,IC,IN,IV,I,~(IN^IV)&~IZ,MC
32,IZ,IC,IN,IV,IZ,IC,IN,IV,I,(IN^IV),MC
33,IZ,IC,IN,IV,IZ,IC,IN,IV,I,~(IN^IV),MC
34,IZ,IC,IN,IV,IZ,IC,IN,IV,I,IZ,MC
35,IZ,IC,IN,IV,IZ,IC,IN,IV,I,~IZ,MC
36,IZ,IC,IN,IV,IZ,IC,IN,IV,I,IV,MC
37,IZ,IC,IN,IV,IZ,IC,IN,IV,I,~IV,MC
38,IZ,~IC,IN,IV,IZ,~IC,IN,IV,I,~IC|IZ,~MC
39,IZ,~IC,IN,IV,IZ,~IC,IN,IV,I,IC&~IZ,~MC
3a,IZ,IC,IN,IV,IZ,IC,IN,IV,I,IC,MC
3b,IZ,IC,IN,IV,IZ,IC,IN,IV,I,~IC,MC
3c,IZ,IC,IN,IV,IZ,IC,IN,IV,I,~IC|IZ,MC
3d,IZ,IC,IN,IV,IZ,IC,IN,IV,I,IC&~IZ,MC
3e,IZ,IC,IN,IV,IZ,IC,IN,IV,I,IN,MC
3f,IZ,IC,IN,IV,IZ,IC,IN,IV,I,~IN,MC
